dg_id,player_name,age,final_pred,std_deviation,baseline_pred,age_adjustment,timing_adjustment,true_sg_adjustments,country_adjustment,strokes_gained_category_adjustment,total_course_history_adjustment,course_experience_adjustment,course_history_adjustment,driving_distance_adjustment,driving_accuracy_adjustment,cf_approach_comp,cf_short_comp,other_fit_adjustment,country,am,sample_size,total_fit_adjustment,event_name,course_name,last_updated,notes
18417,"Scheffler, Scottie",28,2.8645268232812,2.76911991303459,2.89431397460841,0.0175714309812403,-0.136129693947519,-0.0345828594169375,0.0,0.136375235262103,-0.0208311741447311,-0.0185590367228414,-0.0022721374218896,-0.011514669770446,-0.0693617030480374,0.0330324492227053,0.055653833534415,0.0886862827571203,USA,0,150,0.0078099099386368,AT&T Pebble Beach Pro-Am,Pebble Beach Golf Links,2025-01-29 03:45:20 UTC,All values/adjustments are in strokes-gained vs average PGA Tour field per round.
10091,"McIlroy, Rory",35,2.01751562160175,2.79237873265029,1.96837832045451,-0.0134674682106195,0.0183486464105413,-0.0845365240408853,0.0,0.135638518616514,-0.033916525302374,0.0035683788470095,-0.0374849041493835,-0.0337225393013277,-0.0025625392822429,0.0150324806699138,0.0483232515877195,0.0633557322576333,NIR,0,150,0.0270706536740627,AT&T Pebble Beach Pro-Am,Pebble Beach Golf Links,2025-01-29 03:45:20 UTC,All values/adjustments are in strokes-gained vs average PGA Tour field per round.
14139,"Thomas, Justin",31,1.82146294036307,2.83704567532295,1.56490758518787,0.0036952172248796,0.132492036905711,-0.0509640950167423,0.0,0.112622366368935,-0.0168488550338829,-0.0130803980111173,-0.0037684570227656,-0.0160171447102163,0.0232157450052662,0.0226764052690096,0.0456836791622353,0.0683600844312449,USA,0,150,0.0755586847262948,AT&T Pebble Beach Pro-Am,Pebble Beach Golf Links,2025-01-29 03:45:20 UTC,All values/adjustments are in strokes-gained vs average PGA Tour field per round.
22085,"Morikawa, Collin",27,1.81007172393478,2.80281913861844,1.86049209712768,0.0204927391404746,-0.108182580471071,0.0072360436075571,0.0,0.0508601007604369,-0.0007422087957573,-0.010234648293778,0.0094924394980206,0.0009344166625748,-0.0897132747422286,0.0183639318825679,0.0503304587625408,0.0686943906451087,USA,0,150,-0.0200844674345451,AT&T Pebble Beach Pro-Am,Pebble Beach Golf Links,2025-01-29 03:45:20 UTC,All values/adjustments are in strokes-gained vs average PGA Tour field per round.
17488,"Im, Sungjae",26,1.74286433578994,2.79434011821326,1.54855486407861,0.0252398648992296,0.0811592078340662,-0.003546538819865,0.0,0.0787453132518146,-0.0217054954098532,-0.0214047864401806,-0.0003007089696725,-0.0035297195945257,-0.0451246504369496,0.0110072655161632,0.072064224471256,0.0830714899874193,KOR,0,150,0.034417119955944,AT&T Pebble Beach Pro-Am,Pebble Beach Golf Links,2025-01-29 03:45:20 UTC,All values/adjustments are in strokes-gained vs average PGA Tour field per round.
13562,"Matsuyama, Hideki",32,1.71532188229863,2.81215553728417,1.68759866645989,-0.0014170720537798,0.0799452489718928,-0.0589450301938994,0.0,-0.0345569751463022,-0.0174570522451033,-0.010234648293778,-0.0072224039513253,-0.0049317549636596,-0.00853887392117,0.0207627729813235,0.0528619524094361,0.0736247253907596,JPN,0,150,0.0601540965059299,AT&T Pebble Beach Pro-Am,Pebble Beach Golf Links,2025-01-29 03:45:20 UTC,All values/adjustments are in strokes-gained vs average PGA Tour field per round.
15466,"Cantlay, Patrick",32,1.67048755282234,2.782078787275,1.474706959039,-0.0010519085338753,0.0099284089753299,-0.0080961086362525,0.0,0.0660205931624119,0.0706651868513032,0.0517725434782884,0.0188926433730148,-0.0093584397941695,-0.0058866868450841,0.0124411970171307,0.0611183515865402,0.0735595486036709,USA,0,150,0.0583144219644172,AT&T Pebble Beach Pro-Am,Pebble Beach Golf Links,2025-01-29 03:45:20 UTC,All values/adjustments are in strokes-gained vs average PGA Tour field per round.
23950,"Aberg, Ludvig",25,1.59726820777179,2.82216077592516,1.41760906008188,0.03217797177741,-0.0382502986781401,0.080236930576481,0.0,0.110734424639428,-0.0100562145597667,-0.0268834251519048,0.0168272105921381,-0.0213364948937802,-0.0070656543197762,0.0163163801067241,0.0169021030413294,0.0332184831480534,SWE,0,150,0.004816333934497,AT&T Pebble Beach Pro-Am,Pebble Beach Golf Links,2025-01-29 03:45:20 UTC,All values/adjustments are in strokes-gained vs average PGA Tour field per round.
12294,"Fleetwood, Tommy",34,1.41947976406825,2.76545048985645,1.4317484308588,-0.0061641978125348,-0.0518634360687653,-0.0216680748819182,0.0,0.107622584175995,-0.0237459903434569,-0.0005938153675221,-0.0231521749759348,-0.0004983231905136,-0.0575991091926744,0.0204321824812083,0.0212156980421121,0.0416478805233203,ENG,0,150,-0.0164495518598676,AT&T Pebble Beach Pro-Am,Pebble Beach Golf Links,2025-01-29 03:45:20 UTC,All values/adjustments are in strokes-gained vs average PGA Tour field per round.
19483,"Burns, Sam",28,1.21301208371157,2.82510797163766,1.32135181866347,0.0179365945011449,-0.0313482535143181,-0.0068508288626703,0.0,-0.166150331690213,-0.008165692122266,-0.0130803980111173,0.0049147058888512,-0.0133184553269011,0.0089688209317077,0.0047882413923621,0.0858001697392553,0.0905884111316174,USA,0,150,0.086238776736424,AT&T Pebble Beach Pro-Am,Pebble Beach Golf Links,2025-01-29 03:45:20 UTC,All values/adjustments are in strokes-gained vs average PGA Tour field per round.
17780,"Pendrith, Taylor",33,1.19758753051639,2.80447420890941,1.0628163856133,-0.0047035437329177,0.0423545816887623,0.0126806270770725,0.0,0.0672563413249362,-0.0045774136112597,-0.017242592225649,0.0126651786143893,-0.018857359994277,0.0061892776616405,0.010419388951348,0.0240092455377879,0.0344286344891359,CAN,0,150,0.0217605521564993,AT&T Pebble Beach Pro-Am,Pebble Beach Golf Links,2025-01-29 03:45:20 UTC,All values/adjustments are in strokes-gained vs average PGA Tour field per round.
9771,"Day, Jason",37,1.1922019657772,2.81924559287445,0.903834507869128,-0.0200404115688958,0.0701618043419643,-0.031093440144507,0.0,0.0621969437798443,0.159980306883287,0.110933985533016,0.0490463213502717,-0.0027217242159402,-0.0074597558006104,0.0057521131159179,0.0515916215170102,0.0573437346329281,AUS,0,150,0.0471622546163775,AT&T Pebble Beach Pro-Am,Pebble Beach Golf Links,2025-01-29 03:45:20 UTC,All values/adjustments are in strokes-gained vs average PGA Tour field per round.
13872,"Bradley, Keegan",38,1.17686924585264,2.8037214064936,1.08788709253012,-0.0262481914072679,0.121644803651346,-0.0218589382494525,0.0,0.0391279996202222,-0.0162518068053085,-0.0089182037965855,-0.0073336030087229,-0.009180142466468,-0.0275552216830988,0.0136101887611659,0.0156934619013793,0.0293036506625452,USA,0,150,-0.0074317134870216,AT&T Pebble Beach Pro-Am,Pebble Beach Golf Links,2025-01-29 03:45:20 UTC,All values/adjustments are in strokes-gained vs average PGA Tour field per round.
23323,"Macintyre, Robert",28,1.16475084866474,2.7784247118065,1.01404730676088,0.0183017580210492,-0.0534933938441962,0.0532074440597481,0.0,0.139828472751768,-0.0438518434953721,-0.0438518434953721,0.0,-0.0089598606328037,-0.0044999789503285,0.0090942452292601,0.0410766987647322,0.0501709439939923,SCO,0,150,0.0367111044108601,AT&T Pebble Beach Pro-Am,Pebble Beach Golf Links,2025-01-29 03:45:20 UTC,All values/adjustments are in strokes-gained vs average PGA Tour field per round.
13900,"Lowry, Shane",37,1.15074797380965,2.80064082070977,1.15711366664707,-0.0229617197281298,0.0238404924869682,-0.039711079688177,0.0,0.0407843588691235,0.0137963461565467,0.0241664891967134,-0.0103701430401667,-0.0023022532238308,-0.0412282530919986,0.0166590993820363,0.0047573160000388,0.0214164153820752,IRL,0,150,-0.0221140909337542,AT&T Pebble Beach Pro-Am,Pebble Beach Golf Links,2025-01-29 03:45:20 UTC,All values/adjustments are in strokes-gained vs average PGA Tour field per round.
17576,"Conners, Corey",33,1.12701165257852,2.80740648136478,1.30377742056272,-0.0017822355736838,-0.136168684843404,0.0096489105351895,0.0,0.0185809412195754,-0.0313538257799877,-0.0159261477284566,-0.0154276780515312,-0.0026632379416205,-0.0516189145208373,0.0152995897830652,0.0032916891375036,0.0185912789205688,CAN,0,150,-0.035690873541889,AT&T Pebble Beach Pro-Am,Pebble Beach Golf Links,2025-01-29 03:45:20 UTC,All values/adjustments are in strokes-gained vs average PGA Tour field per round.
23465,"Greyserman, Max",29,1.0662847764813,2.82820077080759,1.11540321524898,0.0128243052224855,0.0479891838337774,0.0192681178856016,0.0,-0.148030883242756,-0.0438518434953721,-0.0438518434953721,0.0,-0.018077350377596,0.0265237332710404,0.0048082569558124,0.0494280411793325,0.0542362981351449,USA,0,150,0.0626826810285893,AT&T Pebble Beach Pro-Am,Pebble Beach Golf Links,2025-01-29 03:45:20 UTC,All values/adjustments are in strokes-gained vs average PGA Tour field per round.
18634,"McNealy, Maverick",29,1.06079352118773,2.7934956814886,0.761237768585093,0.015015286341911,0.0610601350065438,0.034442356342746,0.0,0.0691495178181304,0.0651469734686391,0.0129963510503107,0.0521506224183283,-0.0048332963450954,0.0025346852441964,0.0057377196124842,0.0513023751130814,0.0570400947255656,USA,0,150,0.0547414836246666,AT&T Pebble Beach Pro-Am,Pebble Beach Golf Links,2025-01-29 03:45:20 UTC,All values/adjustments are in strokes-gained vs average PGA Tour field per round.
24766,"Kim, Tom",22,1.04990065065218,2.83368880226979,0.90143522031372,0.0438632044143458,-0.0816397547044101,0.0976001644777456,0.0,0.130181627070231,-0.0310580623263994,-0.0268834251519048,-0.0041746371744946,-0.0043665121340868,-0.0335174103146675,0.0166933586644586,0.0107088151912453,0.0274021738557039,KOR,0,150,-0.0104817485930504,AT&T Pebble Beach Pro-Am,Pebble Beach Golf Links,2025-01-29 03:45:20 UTC,All values/adjustments are in strokes-gained vs average PGA Tour field per round.
14578,"Henley, Russell",35,0.993880653488645,2.7697357116483,1.30102791722344,-0.0138326317305237,-0.206989640392667,-0.0644902844103723,0.0,-0.0086412995455819,0.0029163795004304,0.0200042949821818,-0.0170879154817513,0.0123933872118879,-0.0842420528636459,0.0104011934211995,0.0453376850744742,0.0557388784956737,USA,0,150,-0.0161097871560843,AT&T Pebble Beach Pro-Am,Pebble Beach Golf Links,2025-01-29 03:45:20 UTC,All values/adjustments are in strokes-gained vs average PGA Tour field per round.
11676,"Finau, Tony",35,0.989931169112246,2.77037211390561,0.991530907714811,-0.0120068141310026,-0.049155962837386,-0.0146987429915332,0.0,0.0689327400576432,-0.0175143006710059,0.0007226291296701,-0.0182369298006761,-0.0101133944611824,0.0071441808996088,0.0165727016403558,0.0092398538919374,0.0258125555322933,USA,0,150,0.0228433419707197,AT&T Pebble Beach Pro-Am,Pebble Beach Golf Links,2025-01-29 03:45:20 UTC,All values/adjustments are in strokes-gained vs average PGA Tour field per round.
17511,"Straka, Sepp",31,0.975974654887295,2.81403880491421,0.966415124879792,0.0036952172248796,0.0627455682246179,-0.0090886323997563,0.0,0.0015287243349079,0.0089967407279306,-0.0047560095820538,0.0137527503099845,0.0053266231303642,-0.0733795208179964,0.0161904030258608,-0.006455593443306,0.0097348095825547,AUT,0,150,-0.0583180881050775,AT&T Pebble Beach Pro-Am,Pebble Beach Golf Links,2025-01-29 03:45:20 UTC,All values/adjustments are in strokes-gained vs average PGA Tour field per round.
23838,"Hojgaard, Rasmus",23,0.964389383392221,2.80667201020118,0.985581444827656,0.0383857516157822,0.0025617217055231,-0.0386556936496125,-0.119851763722207,0.0867966526189167,-0.0438518434953721,-0.0438518434953721,0.0,-0.0271121232187813,0.0435552939776641,0.0146257433801776,0.0223541993524735,0.0369799427326511,DEN,0,150,0.0534231134915339,AT&T Pebble Beach Pro-Am,Pebble Beach Golf Links,2025-01-29 03:45:20 UTC,All values/adjustments are in strokes-gained vs average PGA Tour field per round.
15470,"Hossler, Beau",29,0.937209641363624,2.801513678569,0.687424698159913,0.0120939781826772,0.127692979077509,-0.0197453736653621,0.0,-0.0025915297928957,0.0650974160833603,0.036440211117354,0.0286572049660062,-0.0054699407070819,-0.0001672039962913,-0.0028151195303016,0.0756897375520978,0.0728746180217961,USA,0,150,0.0672374733184228,AT&T Pebble Beach Pro-Am,Pebble Beach Golf Links,2025-01-29 03:45:20 UTC,All values/adjustments are in strokes-gained vs average PGA Tour field per round.
14459,"An, Byeong Hun",33,0.920772338741358,2.80639647962668,0.903221254521009,-0.003242889653301,-0.163710475821636,0.0045522945573737,0.0,0.11237995400218,0.0211452789198347,0.0077305730615412,0.0134147058582935,-0.0267967665157995,0.0541964182402414,0.0068838740642684,0.0121433964271874,0.0190272704914559,KOR,0,150,0.0464269222158977,AT&T Pebble Beach Pro-Am,Pebble Beach Golf Links,2025-01-29 03:45:20 UTC,All values/adjustments are in strokes-gained vs average PGA Tour field per round.
17536,"Spaun, J.J.",34,0.90691466347688,2.76092307194193,0.748759122249829,-0.007990015412056,0.102042184086482,0.0022957183289181,0.0,0.0931558657226419,-0.0202858465337316,0.0046719626212473,-0.024957809154979,-0.0023944616468222,-0.022689726959126,0.0143229629364558,-0.0003011392957113,0.0140218236407445,USA,0,150,-0.0110623649652037,AT&T Pebble Beach Pro-Am,Pebble Beach Golf Links,2025-01-29 03:45:20 UTC,All values/adjustments are in strokes-gained vs average PGA Tour field per round.
21554,"Poston, J.T.",31,0.875868466369726,2.77876856669969,0.823653605699,0.0040603807447837,0.0287912797871444,-0.0787488578485092,0.0,0.0918519845512803,-0.0193047197487403,-0.0117639535139249,-0.0075407662348153,0.0056464049077574,-0.0311455720996112,0.0079126957762147,0.0431512646004058,0.0510639603766206,USA,0,150,0.0255647931847668,AT&T Pebble Beach Pro-Am,Pebble Beach Golf Links,2025-01-29 03:45:20 UTC,All values/adjustments are in strokes-gained vs average PGA Tour field per round.
23014,"Theegala, Sahith",27,0.873308165994126,2.83042069579123,0.723282814438462,0.024144374339517,0.0182175408338653,0.0398745156639755,0.0,0.0451912630815445,-0.0264970561603934,-0.0214047864401806,-0.0050922697202126,-0.010164504139922,0.0093214737318506,0.0064997782168252,0.0434379659884005,0.0499377442052258,USA,0,150,0.0490947137971543,AT&T Pebble Beach Pro-Am,Pebble Beach Golf Links,2025-01-29 03:45:20 UTC,All values/adjustments are in strokes-gained vs average PGA Tour field per round.
27194,"Hall, Harry",27,0.871307635530303,2.78427354240069,0.909181209797692,0.0226837202599,0.0199195600007452,-0.0296262133197063,0.0,-0.142288323488704,-0.0312122384721658,-0.0268834251519048,-0.004328813320261,-0.0023764995278749,0.0403314969599836,0.0049727293340628,0.0797221939863705,0.0846949233204333,ENG,0,150,0.122649920752542,AT&T Pebble Beach Pro-Am,Pebble Beach Golf Links,2025-01-29 03:45:20 UTC,All values/adjustments are in strokes-gained vs average PGA Tour field per round.
27364,"Thompson, Davis",25,0.865796412801896,2.77975824189018,0.727063490346384,0.0307173176977933,-0.118525912016299,0.0567749799636273,0.0,0.203919980619681,-0.0438518434953721,-0.0438518434953721,0.0,-0.0101876376246857,-0.015777413012046,0.0046451538858233,0.0310182964369902,0.0356634503228135,USA,0,150,0.0096983996860817,AT&T Pebble Beach Pro-Am,Pebble Beach Golf Links,2025-01-29 03:45:20 UTC,All values/adjustments are in strokes-gained vs average PGA Tour field per round.
18841,"Hovland, Viktor",27,0.858487089028265,2.8238627059122,1.03929161169523,0.0230488837798042,-0.203858933260667,0.0122769647905234,0.0,-0.0081397773543121,0.0060602115595506,0.0090470175587335,-0.0029868059991829,-0.0119370155893752,-0.0086544841936416,0.0108020728595105,-0.0004024452583607,0.0103996276011498,NOR,0,150,-0.010191872181867,AT&T Pebble Beach Pro-Am,Pebble Beach Golf Links,2025-01-29 03:45:20 UTC,All values/adjustments are in strokes-gained vs average PGA Tour field per round.
19428,"Zalatoris, Will",28,0.854019739566874,2.83346932983654,0.621773719772091,0.0183017580210492,0.0856630254336027,0.0928266110745474,0.0,0.0694710950358319,-0.0395575514078788,-0.0130803980111173,-0.0264771533967616,-0.0102571990139102,-0.0021176079211912,0.0106138959668735,0.0073019926058583,0.0179158885727319,USA,0,150,0.0055410816376305,AT&T Pebble Beach Pro-Am,Pebble Beach Golf Links,2025-01-29 03:45:20 UTC,All values/adjustments are in strokes-gained vs average PGA Tour field per round.
24968,"Griffin, Ben",28,0.841691240766686,2.76978111821307,0.795674724850391,0.0172062674613365,0.0057018504679511,-0.0022830889347016,0.0,0.0217649518395741,-0.044054716892321,-0.0214047864401806,-0.0226499304521403,0.0027000395640561,-0.0038405982466944,0.009901038666729,0.0389207719903652,0.0488218106570942,USA,0,150,0.0476812519744559,AT&T Pebble Beach Pro-Am,Pebble Beach Golf Links,2025-01-29 03:45:20 UTC,All values/adjustments are in strokes-gained vs average PGA Tour field per round.
18554,"Rai, Aaron",29,0.840708897205987,2.78455025637141,0.816142032678389,0.0120939781826771,-0.0076801716495456,0.0093794773933921,0.0,0.0891314217806121,-0.0271408865884598,-0.0310456193664365,0.0039047327779766,0.0143978903377779,-0.0953900928280095,0.010702555671491,0.0190726922276628,0.0297752478991538,ENG,0,150,-0.0512169545910778,AT&T Pebble Beach Pro-Am,Pebble Beach Golf Links,2025-01-29 03:45:20 UTC,All values/adjustments are in strokes-gained vs average PGA Tour field per round.
25569,"Stevens, Samuel",28,0.817410542864737,2.76974652047512,0.584579690376465,0.0179365945011449,0.0771174338633567,0.0489910263015392,0.0,0.0906330452405949,-0.0210098103256914,-0.0268834251519048,0.0058736148262133,-0.0095801621822571,-0.0018633925265499,0.0042665763421069,0.0263395412740289,0.0306061176161358,USA,0,150,0.0191625629073288,AT&T Pebble Beach Pro-Am,Pebble Beach Golf Links,2025-01-29 03:45:20 UTC,All values/adjustments are in strokes-gained vs average PGA Tour field per round.
6430,"Scott, Adam",44,0.809626233793922,2.77684260705991,0.929277470843609,-0.0521748013204687,-0.0551687836178231,-0.0274226280335205,0.0,-0.040967983711062,0.0226208424109371,0.0186878504849894,0.0039329919259476,-0.0095300204819725,0.0144750827978251,0.0098651702688797,0.0186518846375182,0.028517054906398,AUS,0,150,0.0334621172222506,AT&T Pebble Beach Pro-Am,Pebble Beach Golf Links,2025-01-29 03:45:20 UTC,All values/adjustments are in strokes-gained vs average PGA Tour field per round.
23604,"Clark, Wyndham",31,0.79606049133292,2.84294789883986,0.759324420138811,0.0066165253841135,-0.130852427361128,0.0226865820017439,0.0,0.0495975378346038,0.0386821206226238,-0.0062853148022008,0.0449674354248247,-0.020184380005773,0.0298454937859162,0.0016965779677232,0.0386480409642851,0.0403446189320083,USA,0,150,0.0500057327121515,AT&T Pebble Beach Pro-Am,Pebble Beach Golf Links,2025-01-29 03:45:20 UTC,All values/adjustments are in strokes-gained vs average PGA Tour field per round.
14609,"Kim, Si Woo",29,0.790971215213381,2.74745768382996,0.703867628844871,0.0131894687423898,-0.0235075519821195,-0.0258604887406653,0.0,0.149216567153377,0.0154022607181135,0.0226371839765666,-0.0072349232584529,0.0034870265369514,-0.05786949815047,0.0102675432726729,0.0027782588182597,0.0130458020909326,KOR,0,150,-0.041336669522586,AT&T Pebble Beach Pro-Am,Pebble Beach Golf Links,2025-01-29 03:45:20 UTC,All values/adjustments are in strokes-gained vs average PGA Tour field per round.
26096,"Bhatia, Akshay",23,0.768090069330901,2.78188850182305,0.772383776120142,0.0420373868148247,-0.0498474877543571,0.0448262581448444,0.0,-0.0393696121960508,-0.0090741630526869,-0.022721230937373,0.013647067884686,0.0008154540202599,-0.0393472661392122,0.0034442010971601,0.0422215222759774,0.0456657233731376,USA,0,150,0.0071339112541852,AT&T Pebble Beach Pro-Am,Pebble Beach Golf Links,2025-01-29 03:45:20 UTC,All values/adjustments are in strokes-gained vs average PGA Tour field per round.
14181,"Detry, Thomas",32,0.735603171753759,2.83988670197704,0.555097527885945,0.0025997266651669,0.103774343088009,-0.0070857909477409,0.0,0.0514604383677654,-0.0101962224408223,-0.017242592225649,0.0070463697848267,-0.0107447602290582,0.01095638944469,-5.92147306523541e-05,0.039800734650456,0.0397415199198037,BEL,0,150,0.0399531491354355,AT&T Pebble Beach Pro-Am,Pebble Beach Golf Links,2025-01-29 03:45:20 UTC,All values/adjustments are in strokes-gained vs average PGA Tour field per round.
14577,"English, Harris",35,0.722744673998851,2.79472979124236,0.664442392999754,-0.012737141170811,0.112947993723833,-0.0470291875351798,0.0,-0.0188114196545375,-0.018909063587949,0.0048848233442019,-0.0237938869321509,-0.0020744322141897,-0.0194082420100869,-0.0013220171276357,0.0656457905756536,0.0643237734480179,USA,0,150,0.0428410992237413,AT&T Pebble Beach Pro-Am,Pebble Beach Golf Links,2025-01-29 03:45:20 UTC,All values/adjustments are in strokes-gained vs average PGA Tour field per round.
16841,"Lee, Min Woo",26,0.713305130591043,2.79619763999945,0.54157508224808,0.0267005189788465,-0.0246357805773886,0.0370639773242745,0.0,0.128143576747402,-0.0545599266745041,-0.0255669806547124,-0.0289929460197917,-0.0256011596195567,0.0464302840646197,-0.0014672653561952,0.0396558234554648,0.0381885580992696,AUS,0,150,0.0590176825443325,AT&T Pebble Beach Pro-Am,Pebble Beach Golf Links,2025-01-29 03:45:20 UTC,All values/adjustments are in strokes-gained vs average PGA Tour field per round.
26653,"Eckroat, Austin",26,0.653556200415725,2.78611459192807,0.546004255114292,0.0288915000982721,0.0292667020937097,0.0186234392923523,0.0,0.109832258120839,-0.0251658252973178,-0.017242592225649,-0.0079232330716688,-0.0045899938819617,-0.0422156848590631,0.0089385534535906,-0.016029003718988,-0.0070904502653973,USA,0,150,-0.0538961290064221,AT&T Pebble Beach Pro-Am,Pebble Beach Golf Links,2025-01-29 03:45:20 UTC,All values/adjustments are in strokes-gained vs average PGA Tour field per round.
19870,"McCarthy, Denny",31,0.615072064458446,2.79740662653261,0.796481169848085,0.0033300537049754,-0.134627777736213,-0.0374755546750176,0.0,-0.129073265727701,0.0305865350590714,0.0075177123385866,0.0230688227204847,0.0111319063554764,-0.0092929051672154,0.0018418907647817,0.082170012032204,0.0840119027969857,USA,0,150,0.0858509039852467,AT&T Pebble Beach Pro-Am,Pebble Beach Golf Links,2025-01-29 03:45:20 UTC,All values/adjustments are in strokes-gained vs average PGA Tour field per round.
25157,"Hodges, Lee",29,0.611546582331629,2.81146639283718,0.47800987700463,0.0131894687423899,0.16937417549049,-0.0046731060168362,0.0,0.036691589481288,-0.0258720085260448,-0.0214047864401806,-0.0044672220858641,0.0015185765498843,-0.0553370030406756,0.0098337544125724,-0.0111887417660686,-0.0013549873534961,USA,0,150,-0.0551734138442874,AT&T Pebble Beach Pro-Am,Pebble Beach Golf Links,2025-01-29 03:45:20 UTC,All values/adjustments are in strokes-gained vs average PGA Tour field per round.
17538,"Homa, Max",34,0.596916301731468,2.79116644476397,0.344855831731926,-0.0068945248523432,0.0653026895618541,0.0003256099020879,0.0,0.103476326456411,0.0580031939937211,0.0267993781910982,0.0312038158026229,-0.0031541526288088,0.0033050448090983,0.0054240707185255,0.0262722120389959,0.0316962827575214,USA,0,150,0.0318471749378109,AT&T Pebble Beach Pro-Am,Pebble Beach Golf Links,2025-01-29 03:45:20 UTC,All values/adjustments are in strokes-gained vs average PGA Tour field per round.
24550,"Ghim, Doug",28,0.59131391978733,2.73775762286723,0.446958294635838,0.0168411039414322,0.0174245165196419,0.0265845087138473,0.0,0.141169042180577,-0.004910999164161,-0.0076017592993932,0.0026907601352321,0.0018502906354175,-0.0444172880163333,0.012578734091718,-0.0227642837506481,-0.0101855496589301,USA,0,150,-0.0527525470398459,AT&T Pebble Beach Pro-Am,Pebble Beach Golf Links,2025-01-29 03:45:20 UTC,All values/adjustments are in strokes-gained vs average PGA Tour field per round.
17646,"Fitzpatrick, Matt",30,0.571048073012747,2.82254622545932,0.666988868950094,0.0095378335433473,-0.103590123675032,-0.0187337704486298,0.0,-0.0274564019965284,-0.0056312245861258,0.0200042949821818,-0.0256355195683076,0.0003824256520276,-0.0108468463031554,-0.0023491491986131,0.0627464610753624,0.0603973118767493,ENG,0,150,0.0499328912256215,AT&T Pebble Beach Pro-Am,Pebble Beach Golf Links,2025-01-29 03:45:20 UTC,All values/adjustments are in strokes-gained vs average PGA Tour field per round.
16394,"Jaeger, Stephan",35,0.566727614753794,2.79980419499066,0.475263149759831,-0.0134674682106194,0.0970633674562126,0.0530178764561613,0.0,-0.0578267435787169,-0.033049538687605,-0.0062853148022008,-0.0267642238854042,-0.0100386628886963,0.0187138096832233,0.0033447235442871,0.0337071012197166,0.0370518247640038,GER,0,150,0.0457269715585307,AT&T Pebble Beach Pro-Am,Pebble Beach Golf Links,2025-01-29 03:45:20 UTC,All values/adjustments are in strokes-gained vs average PGA Tour field per round.
23475,"Novak, Andrew",29,0.564765516037736,2.78528464018326,0.388249010164496,0.0120939781826772,0.0210426669581705,0.0653459568151363,0.0,0.0780037182663036,-0.0164789842230099,-0.0214047864401806,0.0049258022171708,-0.0004533354238793,-0.0038033833946401,0.0071278362674383,0.0136380524250434,0.0207658886924817,USA,0,150,0.0165091698739623,AT&T Pebble Beach Pro-Am,Pebble Beach Golf Links,2025-01-29 03:45:20 UTC,All values/adjustments are in strokes-gained vs average PGA Tour field per round.
12965,"Fowler, Rickie",36,0.564626593464895,2.82732438899686,0.491952099699187,-0.0152932858101407,0.121038624851625,-0.0806239065072302,0.0,0.0511581770675555,-0.0225098696255451,0.0103634620559259,-0.032873331681471,9.65373577081142e-06,-0.0141010769412654,0.0042800382614999,0.0287161387334378,0.0329961769949378,USA,0,150,0.0189047537894432,AT&T Pebble Beach Pro-Am,Pebble Beach Golf Links,2025-01-29 03:45:20 UTC,All values/adjustments are in strokes-gained vs average PGA Tour field per round.
17786,"Davis, Cameron",29,0.547946179076095,2.87484334201698,0.39952421940328,0.0117288146627729,0.0432264093287981,0.0655673163430539,0.0,-0.0465515701114159,0.0339137416480967,0.0116799065531183,0.0222338350949784,-0.0066975106231018,0.0134855930047901,0.005285993646316,0.028463171773505,0.033749165419821,AUS,0,150,0.0405372478015093,AT&T Pebble Beach Pro-Am,Pebble Beach Golf Links,2025-01-29 03:45:20 UTC,All values/adjustments are in strokes-gained vs average PGA Tour field per round.
16333,"Hubbard, Mark",35,0.542270626743906,2.77239343614676,0.395627676452121,-0.0134674682106194,0.0963064353242943,0.0025665166323328,0.0,0.0374744330365166,0.0603459352267029,0.036440211117354,0.0239057241093489,0.0078910354254686,-0.045970256117748,0.0092408637813312,-0.0077445448064944,0.0014963189748367,USA,0,150,-0.0365829017174427,AT&T Pebble Beach Pro-Am,Pebble Beach Golf Links,2025-01-29 03:45:20 UTC,All values/adjustments are in strokes-gained vs average PGA Tour field per round.
21944,"Moore, Taylor",31,0.540539678124373,2.82241967626991,0.273544163608751,0.0047907077845924,0.0960971938986178,0.0051839454738411,0.0,0.130286811868836,0.0033534993642063,-0.0076017592993932,0.0109552586635995,-0.014128193915344,0.0149166929605669,-0.0011540223803351,0.0276488794606409,0.0264948570803058,USA,0,150,0.0272833561255287,AT&T Pebble Beach Pro-Am,Pebble Beach Golf Links,2025-01-29 03:45:20 UTC,All values/adjustments are in strokes-gained vs average PGA Tour field per round.
13126,"Taylor, Nick",36,0.49875718399273,2.81242760949343,0.333505448846966,-0.0182145939693745,0.0771504100017951,-0.0499877051584745,0.0,0.0467526975008852,0.127133017919996,0.0723706538279924,0.0547623640920036,0.0107400691580549,-0.0351632123967441,0.0094057262931754,-0.0025646742035491,0.0068410520896262,CAN,0,150,-0.017582091149063,AT&T Pebble Beach Pro-Am,Pebble Beach Golf Links,2025-01-29 03:45:20 UTC,All values/adjustments are in strokes-gained vs average PGA Tour field per round.
17365,"Mitchell, Keith",33,0.472742816578345,2.81538331243613,0.298148997776704,-0.0017822355736838,-0.0148282634313886,0.0609352340761003,0.0,0.0938427546512424,0.0498736499264824,0.0309615724056299,0.0189120775208524,-0.0187947423812615,0.0151695504818525,0.0033313567498817,-0.0131534856975841,-0.0098221289477023,USA,0,150,-0.0134473208471113,AT&T Pebble Beach Pro-Am,Pebble Beach Golf Links,2025-01-29 03:45:20 UTC,All values/adjustments are in strokes-gained vs average PGA Tour field per round.
15575,"Hoge, Tom",35,0.470300339775097,2.8221388286143,0.546032746765195,-0.0134674682106194,0.0183421819748705,-0.0186865955666408,0.0,-0.209493435732311,0.126099761515286,0.0682084596134607,0.0578913019018248,0.004924528846703,0.0059678732638069,0.0127263618580113,-0.0021456149392034,0.0105807469188078,USA,0,150,0.0214731490293176,AT&T Pebble Beach Pro-Am,Pebble Beach Golf Links,2025-01-29 03:45:20 UTC,All values/adjustments are in strokes-gained vs average PGA Tour field per round.
26651,"Young, Cameron",27,0.462108618216083,2.80419234729942,0.446426816500916,0.0215882297001873,-0.0994979925771409,0.016414867962043,0.0,0.088062421723242,-0.035509806191799,-0.0185590367228414,-0.0169507694689576,-0.0201763610491934,0.0354876604984532,0.0012766024384172,0.0080361792109572,0.0093127816493745,USA,0,150,0.0246240810986343,AT&T Pebble Beach Pro-Am,Pebble Beach Golf Links,2025-01-29 03:45:20 UTC,All values/adjustments are in strokes-gained vs average PGA Tour field per round.
15556,"Hughes, Mackenzie",34,0.458282014624783,2.86291330109702,0.541614671139064,-0.0068945248523433,-0.0617310344646116,0.0227455614160621,0.0,-0.170155363596774,-0.0004276797023673,0.008834156835779,-0.0092618365381464,-0.0004357581456092,0.0481214406903504,-0.0020230761271051,0.0874677782681163,0.0854447021410112,CAN,0,150,0.1331303846857524,AT&T Pebble Beach Pro-Am,Pebble Beach Golf Links,2025-01-29 03:45:20 UTC,All values/adjustments are in strokes-gained vs average PGA Tour field per round.
11276,"Horschel, Billy",38,0.428168368503903,2.84544389233533,0.544633588215951,-0.0240572102878425,-0.098568004299285,-0.0336411909044521,0.0,0.0084470515614865,0.015780903502489,0.0213207394793742,-0.0055398359768851,0.0018830766331624,-0.0144910084331251,0.0020991578188497,0.0260820046966685,0.0281811625155182,USA,0,150,0.0155732307155555,AT&T Pebble Beach Pro-Am,Pebble Beach Golf Links,2025-01-29 03:45:20 UTC,All values/adjustments are in strokes-gained vs average PGA Tour field per round.
22833,"Echavarria, Nicolas",30,0.427381986629087,2.80332119477706,0.458088099842257,0.0095378335433474,0.0036070251030141,0.0533252628240969,0.0,-0.0612311945171967,-0.047823448431362,-0.0310456193664365,-0.0167778290649255,0.0017640930929522,-0.0128490501302338,0.0046232756565217,0.01834008964569,0.0229633653022117,COL,0,150,0.01187840826493,AT&T Pebble Beach Pro-Am,Pebble Beach Golf Links,2025-01-29 03:45:20 UTC,All values/adjustments are in strokes-gained vs average PGA Tour field per round.
16283,"Rodgers, Patrick",32,0.421630524628559,2.77635818633092,0.302749352875135,4.35820258372632e-05,0.0366743651262985,-0.0348082377103288,0.0,0.115463719723911,-0.013469819694671,0.0046719626212473,-0.0181417823159184,-0.0108033511256016,0.0140572171724828,0.0031301487094492,0.0085935475260472,0.0117236962354966,USA,0,150,0.0149775622823778,AT&T Pebble Beach Pro-Am,Pebble Beach Golf Links,2025-01-29 03:45:20 UTC,All values/adjustments are in strokes-gained vs average PGA Tour field per round.
14636,"Spieth, Jordan",31,0.417116776644195,2.80197025111085,0.268947847620129,0.0047907077845924,-0.243985552411102,-0.0413708349641246,0.0,0.32496970667067,0.13419597369281,0.0999767081095671,0.0342192655832428,-0.011229540043441,-0.0130128230527402,-0.000129988671226,-0.006058719981373,-0.0061887086525991,USA,0,150,-0.0304310717487803,AT&T Pebble Beach Pro-Am,Pebble Beach Golf Links,2025-01-29 03:45:20 UTC,All values/adjustments are in strokes-gained vs average PGA Tour field per round.
17723,"Lower, Justin",35,0.388437471014702,2.81234394138303,0.52580083383039,-0.0138326317305237,0.0464811375352759,0.0307769196825813,0.0,-0.204336968542474,-0.0456965225859381,-0.0255669806547124,-0.0201295419312258,0.0084986785272943,0.000631079304513,0.0044968481133405,0.0356180968802434,0.040114944993584,USA,0,150,0.0492447028253913,AT&T Pebble Beach Pro-Am,Pebble Beach Golf Links,2025-01-29 03:45:20 UTC,All values/adjustments are in strokes-gained vs average PGA Tour field per round.
21756,"Cole, Eric",36,0.38798768253529,2.80776338388825,0.390968724922561,-0.0174842669295661,0.0124425584562825,-0.0182884980997183,0.0,-0.0573506608943525,0.0024016500785774,-0.017242592225649,0.0196442423042265,0.0038890370016783,0.0244236307484494,0.0044451621200798,0.0425403451312981,0.0469855072513779,USA,0,150,0.0752981750015056,AT&T Pebble Beach Pro-Am,Pebble Beach Golf Links,2025-01-29 03:45:20 UTC,All values/adjustments are in strokes-gained vs average PGA Tour field per round.
12423,"Kirk, Chris",39,0.382591344057818,2.78054618915358,0.308400575355094,-0.0309953171660229,-0.0478211758981897,-0.0218612637329123,0.0,0.168504108918204,0.0380622719904277,0.0487139330379946,-0.0106516610475669,0.0012081872387919,-0.0259477911242602,0.0060626287516926,-0.0130208802750077,-0.006958251523315,USA,0,150,-0.0316978554087833,AT&T Pebble Beach Pro-Am,Pebble Beach Golf Links,2025-01-29 03:45:20 UTC,All values/adjustments are in strokes-gained vs average PGA Tour field per round.
17881,"Yu, Kevin",26,0.325931668026392,2.81062748414676,0.0182968093287746,0.0270656824987509,0.0567580472782452,0.0780816366866196,0.0,0.193371431753258,0.0033543555723716,-0.0089182037965855,0.0122725593689572,-0.0150861603785628,-0.0066965537493133,0.0042777552081282,-0.0334913361718804,-0.0292135809637522,TPE,0,150,-0.0509962950916283,AT&T Pebble Beach Pro-Am,Pebble Beach Golf Links,2025-01-29 03:45:20 UTC,All values/adjustments are in strokes-gained vs average PGA Tour field per round.
18103,"Bezuidenhout, Christiaan",30,0.316035174103923,2.7407255012746,0.552242254919735,0.0084423429836346,-0.109552428584409,-0.0276022066175095,0.0,-0.197561206891535,0.0059441183591753,-0.017242592225649,0.0231867105848243,0.014969659337128,-0.0033796500066265,-0.0011200086082723,0.0736522992126024,0.0725322906043301,RSA,0,150,0.0841222999348316,AT&T Pebble Beach Pro-Am,Pebble Beach Golf Links,2025-01-29 03:45:20 UTC,All values/adjustments are in strokes-gained vs average PGA Tour field per round.
7399,"Glover, Lucas",45,0.313167462705328,2.77794477012485,0.535817489353152,-0.0550961094797027,-0.0382011594362971,-0.0433710795521318,0.0,-0.0748443189421788,0.0450455673687191,0.0544054324726732,-0.0093598651039541,0.0129305140063574,-0.0637079357607649,0.0102154245843571,-0.0156209294361822,-0.005405504851825,USA,0,150,-0.0561829266062325,AT&T Pebble Beach Pro-Am,Pebble Beach Golf Links,2025-01-29 03:45:20 UTC,All values/adjustments are in strokes-gained vs average PGA Tour field per round.
13508,"Vegas, Jhonattan",40,0.311890849491083,2.80434247938857,0.376908010801969,-0.034281788845161,0.106708037012522,-0.0658428431199982,0.0,-0.0092355669676012,-0.0365750267516179,-0.0089182037965855,-0.0276568229550322,-0.0211610873694849,0.0282909195195703,0.0095339765182543,-0.0424537813073695,-0.0329198047891151,VEN,0,150,-0.0257899726390296,AT&T Pebble Beach Pro-Am,Pebble Beach Golf Links,2025-01-29 03:45:20 UTC,All values/adjustments are in strokes-gained vs average PGA Tour field per round.
8825,"Harman, Brian",38,0.251609411300315,2.79760981038145,0.40805451434282,-0.0236920467679381,-0.109326854737937,-0.0640679836936095,0.0,0.0517998970758608,0.0149567321446658,0.0171585452648425,-0.0022018131201766,0.0116224773243074,-0.0534989911918165,0.0034597832253432,0.0123018835786193,0.0157616668039625,USA,0,150,-0.0261148470635466,AT&T Pebble Beach Pro-Am,Pebble Beach Golf Links,2025-01-29 03:45:20 UTC,All values/adjustments are in strokes-gained vs average PGA Tour field per round.
28270,"Dunlap, Nick",21,0.191262856602939,2.82216077592516,0.301654066352609,0.0504361477726221,-0.0240143250912083,0.0624042444699507,0.0,-0.235409839058537,-0.0536298948465897,-0.0268834251519048,-0.0267464696946849,-0.0080860528318894,0.0647546737853567,0.0042994869261522,0.0288543491244725,0.0331538360506247,USA,0,150,0.089822457004092,AT&T Pebble Beach Pro-Am,Pebble Beach Golf Links,2025-01-29 03:45:20 UTC,All values/adjustments are in strokes-gained vs average PGA Tour field per round.
12577,"Woodland, Gary",40,0.185274058360075,2.81283906883795,0.228884380857547,-0.0353772794048737,-0.0187261923998381,-0.011010129892894,0.0,-0.0084003624221362,0.0671894702938701,0.0145256562704577,0.0526638140234124,-0.0192436857901501,0.0153254429547898,0.0061801561379717,-0.0395477419742108,-0.033367585836239,USA,0,150,-0.0372858286715993,AT&T Pebble Beach Pro-Am,Pebble Beach Golf Links,2025-01-29 03:45:20 UTC,All values/adjustments are in strokes-gained vs average PGA Tour field per round.
10104,"Power, Seamus",37,0.141414583042483,2.80070146436758,0.36851811809253,-0.0229617197281297,-0.187496998414077,-0.0311624171415458,0.0,-0.0391776289293378,0.0504569897667126,0.0226371839765666,0.0278198057901461,-0.001093500722088,-0.0096929223890152,0.0007314371134728,0.0132932253939612,0.014024662507434,IRL,0,150,0.0032382393963308,AT&T Pebble Beach Pro-Am,Pebble Beach Golf Links,2025-01-29 03:45:20 UTC,All values/adjustments are in strokes-gained vs average PGA Tour field per round.
13965,"Hadwin, Adam",37,0.0654678145845702,2.81021265828578,0.12347757615919,-0.0204055750888,-0.0799029043558856,-0.0004284297380591,0.0,0.0429044997998857,0.003951423006026,0.0075177123385866,-0.0035662893325605,0.0047340768293253,-0.0199857505894526,-0.0015234107214294,0.0126463092837702,0.0111228985623407,CAN,0,150,-0.0041287751977866,AT&T Pebble Beach Pro-Am,Pebble Beach Golf Links,2025-01-29 03:45:20 UTC,All values/adjustments are in strokes-gained vs average PGA Tour field per round.
17550,"Van Rooyen, Erik",34,-0.036564463221714,2.78594910884844,-0.0115282756116416,-0.0101809965314814,0.0031534912951229,0.0480019945426687,0.0,-0.103081820595103,0.0043218594045096,-0.0047560095820538,0.0090778689865635,-0.0103238848117984,0.0367373664821516,-0.0020396949954087,0.0083754975992659,0.0063358026038572,RSA,0,150,0.0327492842742104,AT&T Pebble Beach Pro-Am,Pebble Beach Golf Links,2025-01-29 03:45:20 UTC,All values/adjustments are in strokes-gained vs average PGA Tour field per round.
6093,"Rose, Justin",44,-0.179912442772104,2.83680223719326,-0.0411680549801032,-0.0521748013204687,-0.0482693267054559,-0.0706734126030829,0.0,-0.0068549008460468,0.0510040049979945,0.0283286834112452,0.0226753215867493,0.0017765698052658,-0.0015906794028072,0.0007842682336996,-0.0127461099510991,-0.0119618417173995,ENG,0,150,-0.0117759513149409,AT&T Pebble Beach Pro-Am,Pebble Beach Golf Links,2025-01-29 03:45:20 UTC,All values/adjustments are in strokes-gained vs average PGA Tour field per round.
19960,"Pavon, Matthieu",32,-0.196654042341134,2.83898294508508,-0.313719912680814,0.0015042361054542,-0.0069929758669316,0.039119108008533,0.0,0.113036204024302,0.006759700850179,-0.0185590367228414,0.0253187375730204,-0.0008037831286585,-0.0186573404518533,-0.0072426943193461,-0.0096565848819981,-0.0168992792013443,FRA,0,150,-0.036360402781856,AT&T Pebble Beach Pro-Am,Pebble Beach Golf Links,2025-01-29 03:45:20 UTC,All values/adjustments are in strokes-gained vs average PGA Tour field per round.
12425,"Todd, Brendon",39,-0.474937408289859,2.78946108903079,-0.28292639142339,-0.0302649901262144,-0.133613421150567,-0.107439900483419,0.0,-0.044956938958446,0.10902324668313,0.057038321467058,0.0519849252160719,0.0296759888272881,-0.0570224017885211,-0.0153067747830404,0.0578941749133209,0.0425874001302805,USA,0,150,0.0152409871690474,AT&T Pebble Beach Pro-Am,Pebble Beach Golf Links,2025-01-29 03:45:20 UTC,All values/adjustments are in strokes-gained vs average PGA Tour field per round.
19396,"Knapp, Jake",30,-0.598553687429532,2.86360961579224,-0.502587890632599,0.0084423429836347,0.0192641346497281,0.0012097626924322,0.0,-0.121332587312891,-0.0438518434953721,-0.0438518434953721,0.0,-0.0158300557506138,0.0682828822262457,-0.0075903391225586,-0.0045600936675381,-0.0121504327900968,USA,0,150,0.0403023936855351,AT&T Pebble Beach Pro-Am,Pebble Beach Golf Links,2025-01-29 03:45:20 UTC,All values/adjustments are in strokes-gained vs average PGA Tour field per round.
